"FREQ","V0"
10,6.02076
12.58925412,6.02076
15.84893192,6.02076
19.95262315,6.02076
25.11886432,6.02076
31.6227766,6.02076
39.81071706,6.02076
50.11872336,6.02076
63.09573445,6.02076
79.43282347,6.02076
100,6.02076
125.8925412,6.02077
158.4893192,6.02077
199.5262315,6.02077
251.1886432,6.02077
316.227766,6.02077
398.1071706,6.02078
501.1872336,6.02079
630.9573445,6.0208
794.3282347,6.02083
1000,6.02086
1258.925412,6.02092
1584.893192,6.02101
1995.262315,6.02116
2511.886432,6.02139
3162.27766,6.02175
3981.071706,6.02233
5011.872336,6.02325
6309.573445,6.0247
7943.282347,6.027
10000,6.03066
12589.25412,6.03644
15848.93192,6.04561
19952.62315,6.06015
25118.86432,6.08321
31622.7766,6.11976
39810.71706,6.17773
50118.72336,6.26967
63095.73445,6.4154
79432.82347,6.64584
100000,7.00698
125892.5412,7.55537
158489.3192,8.29028
199526.2315,8.75176
251188.6432,7.13423
316227.766,2.57479
398107.1706,-2.98711
501187.2336,-8.29029
630957.3445,-12.0952
794328.2347,-13.3488
1000000,-13.1926
